event_source,line_number,timestamp,direction,service,src_ip,dst_ip,stream_id,invoke_id,control_object,control_action,ctl_num,origin_identifier,report_seq_num,report_origins,report_ctl_nums,report_control_refs,report_boolean_values,protocol_tag,protocol_reasons,stat_reasons,protocol_score,stat_score,anomaly_score,final_tag,suppressed,summary
packet,921,2026-02-14T01:46:07.721916,RESPONSE,UNCONFIRMED,10.0.19.49,10.0.19.39,10.0.19.39:56638-10.0.19.49:102,,,,,,165,IEDEXPLORER,2,E03A103_CTRL/Q0CSWI1$ST$Pos,true,likely-attack,unexpected_octet_identity_in_control_context;report_origin_not_seen_in_writes;report_without_matching_write,interarrival_outlier,80.00,25.00,100.00,likely-attack,0,Unconfirmed <RPT>
packet,967,2026-02-14T01:46:24.300880,RESPONSE,UNCONFIRMED,10.0.19.49,10.0.19.39,10.0.19.39:56638-10.0.19.49:102,,,,,,,SAT200: 10.0.19.39 Origin:128,118,,,failed-control,last_appl_error,,45.00,0.00,45.00,failed-control,0,Unconfirmed <?>
packet,1088,2026-02-14T01:47:16.993884,RESPONSE,UNCONFIRMED,10.0.19.49,10.0.19.39,10.0.19.39:56638-10.0.19.49:102,,,,,,168,SAT200: 10.0.19.39 Origin:128,117,E03A103_CTRL/Q0CSWI1$ST$Pos,true,failed-control,report_ctlnum_regression;report_without_matching_write,,50.00,0.00,50.00,failed-control,0,Unconfirmed <RPT>
packet,1135,2026-02-14T01:47:34.951319,RESPONSE,UNCONFIRMED,10.0.19.49,10.0.19.39,10.0.19.39:56638-10.0.19.49:102,,,,,,170,IEDEXPLORER,1,E03A103_CTRL/Q1CSWI1$ST$Pos,true,likely-attack,unexpected_octet_identity_in_control_context;report_origin_not_seen_in_writes;report_ctlnum_regression;report_without_matching_write,,85.00,0.00,85.00,likely-attack,0,Unconfirmed <RPT>
packet,1195,2026-02-14T01:47:59.214035,RESPONSE,UNCONFIRMED,10.0.19.49,10.0.19.39,10.0.19.39:56638-10.0.19.49:102,,,,,,175,SAT200: 10.0.19.39 Origin:128,119,E03A103_CTRL/Q0CSWI1$ST$Pos,true,failed-control,report_ctlnum_regression;report_without_matching_write,,50.00,0.00,50.00,failed-control,0,Unconfirmed <RPT>
packet,1559,2026-02-14T01:50:37.951578,RESPONSE,UNCONFIRMED,10.0.19.48,10.0.19.39,10.0.19.39:56634-10.0.19.48:102,,,,,,,SAT200: 10.0.19.39 Origin:128,122,,,failed-control,last_appl_error,,45.00,0.00,45.00,failed-control,0,Unconfirmed <?>
packet,43103,2026-02-14T07:07:34.700260,RESPONSE,UNCONFIRMED,10.0.19.49,10.0.19.39,10.0.19.39:56638-10.0.19.49:102,,,,,,178,SAT200: 10.0.19.39 Origin:128,121,E03A103_CTRL/Q0CSWI1$ST$Pos,true,failed-control,report_without_matching_write,interarrival_outlier,45.00,25.00,70.00,likely-attack,0,Unconfirmed <RPT>
packet,43104,2026-02-14T07:07:34.862275,RESPONSE,UNCONFIRMED,10.0.19.49,10.0.19.39,10.0.19.39:56638-10.0.19.49:102,,,,,,179,IEDEXPLORER,3,E03A103_CTRL/Q0CSWI1$ST$Pos,false,likely-attack,unexpected_octet_identity_in_control_context;report_origin_not_seen_in_writes;report_without_matching_write,,80.00,0.00,80.00,likely-attack,0,Unconfirmed <RPT>
packet,43132,2026-02-14T07:07:45.561733,RESPONSE,UNCONFIRMED,10.0.19.49,10.0.19.39,10.0.19.39:56638-10.0.19.49:102,,,,,,181,SAT200: 10.0.19.39 Origin:128,120,E03A103_CTRL/Q1CSWI1$ST$Pos,true,failed-control,report_ctlnum_regression;report_without_matching_write,,50.00,0.00,50.00,failed-control,0,Unconfirmed <RPT>
packet,43136,2026-02-14T07:07:46.499779,RESPONSE,UNCONFIRMED,10.0.19.49,10.0.19.39,10.0.19.39:56638-10.0.19.49:102,,,,,,183,IEDEXPLORER,4,E03A103_CTRL/Q1CSWI1$ST$Pos,true,likely-attack,unexpected_octet_identity_in_control_context;report_origin_not_seen_in_writes;report_without_matching_write,,80.00,0.00,80.00,likely-attack,0,Unconfirmed <RPT>
packet,43137,2026-02-14T07:07:48.105763,RESPONSE,UNCONFIRMED,10.0.19.49,10.0.19.39,10.0.19.39:56638-10.0.19.49:102,,,,,,184,IEDEXPLORER,4,E03A103_CTRL/Q0CILO1$ST$EnaCls;E03A103_CTRL/Q1CSWI1$ST$Pos;E03A103_CTRL/Q2CILO1$ST$EnaCls;E03A103_CTRL/Q8CILO1$ST$EnaCls,true;false;true;true,likely-attack,unexpected_octet_identity_in_control_context;report_origin_not_seen_in_writes;report_without_matching_write,payload_size_outlier,80.00,4.73,84.73,likely-attack,0,Unconfirmed <RPT>
packet,56650,2026-02-14T09:08:07.849938,RESPONSE,UNCONFIRMED,10.0.19.49,10.0.19.39,10.0.19.39:56638-10.0.19.49:102,,,,,,185,IEDEXPLORER,4,E03A103_CTRL/Q1CSWI1$ST$Pos,true,likely-attack,unexpected_octet_identity_in_control_context;report_origin_not_seen_in_writes;report_without_matching_write,interarrival_outlier,80.00,25.00,100.00,likely-attack,0,Unconfirmed <RPT>
packet,56653,2026-02-14T09:08:08.789403,RESPONSE,UNCONFIRMED,10.0.19.49,10.0.19.39,10.0.19.39:56638-10.0.19.49:102,,,,,,187,IEDEXPLORER,6,E03A103_CTRL/Q1CSWI1$ST$Pos,true,likely-attack,unexpected_octet_identity_in_control_context;report_origin_not_seen_in_writes;report_without_matching_write,,80.00,0.00,80.00,likely-attack,0,Unconfirmed <RPT>
packet,56657,2026-02-14T09:08:10.393604,RESPONSE,UNCONFIRMED,10.0.19.49,10.0.19.39,10.0.19.39:56638-10.0.19.49:102,,,,,,188,IEDEXPLORER,6,E03A103_CTRL/Q0CILO1$ST$EnaCls;E03A103_CTRL/Q1CSWI1$ST$Pos,true;false,likely-attack,unexpected_octet_identity_in_control_context;report_origin_not_seen_in_writes;report_without_matching_write,,80.00,0.00,80.00,likely-attack,0,Unconfirmed <RPT>
packet,56678,2026-02-14T09:08:21.671203,RESPONSE,UNCONFIRMED,10.0.19.49,10.0.19.39,10.0.19.39:56638-10.0.19.49:102,,,,,,189,IEDEXPLORER,3,E03A103_CTRL/Q0CSWI1$ST$Pos,true,likely-attack,unexpected_octet_identity_in_control_context;report_origin_not_seen_in_writes;report_ctlnum_regression;report_without_matching_write,,85.00,0.00,85.00,likely-attack,0,Unconfirmed <RPT>
packet,56680,2026-02-14T09:08:21.872255,RESPONSE,UNCONFIRMED,10.0.19.49,10.0.19.39,10.0.19.39:56638-10.0.19.49:102,,,,,,191,IEDEXPLORER,7,E03A103_CTRL/Q0CSWI1$ST$Pos,false,likely-attack,unexpected_octet_identity_in_control_context;report_origin_not_seen_in_writes;report_without_matching_write,,80.00,0.00,80.00,likely-attack,0,Unconfirmed <RPT>
packet,65420,2026-02-14T10:26:31.921813,RESPONSE,UNCONFIRMED,10.0.19.47,10.0.19.39,10.0.19.39:56633-10.0.19.47:102,,,,,,42,SAT200: 10.0.19.39 Origin:128,108,E01A103_CTRL/Q0CSWI1$ST$Pos,true,failed-control,report_ctlnum_below_write_baseline;report_without_matching_write,,50.00,0.00,50.00,failed-control,0,Unconfirmed <RPT>
packet,65446,2026-02-14T10:26:41.945050,RESPONSE,UNCONFIRMED,10.0.19.47,10.0.19.39,10.0.19.39:56633-10.0.19.47:102,,,,,,44,SAT200: 10.0.19.39 Origin:128,107,E01A103_CTRL/Q1CSWI1$ST$Pos,true,failed-control,report_ctlnum_regression;report_ctlnum_below_write_baseline;report_without_matching_write,,55.00,0.00,55.00,failed-control,0,Unconfirmed <RPT>
packet,65495,2026-02-14T10:27:01.819008,RESPONSE,UNCONFIRMED,10.0.19.47,10.0.19.39,10.0.19.39:56633-10.0.19.47:102,,,,,,49,SAT200: 10.0.19.39 Origin:128,123,E01A103_CTRL/Q0CSWI1$ST$Pos,true,failed-control,report_ctlnum_regression;report_without_matching_write,,50.00,0.00,50.00,failed-control,0,Unconfirmed <RPT>
packet,65519,2026-02-14T10:27:09.545712,RESPONSE,UNCONFIRMED,10.0.19.47,10.0.19.39,10.0.19.39:56633-10.0.19.47:102,,,,,,,SAT200: 10.0.19.39 Origin:128,126,,,failed-control,last_appl_error,,45.00,0.00,45.00,failed-control,0,Unconfirmed <?>
packet,65539,2026-02-14T10:27:18.079309,RESPONSE,UNCONFIRMED,10.0.19.47,10.0.19.39,10.0.19.39:56633-10.0.19.47:102,,,,,,52,SAT200: 10.0.19.39 Origin:128,125,E01A103_CTRL/Q0CSWI1$ST$Pos,true,failed-control,report_ctlnum_regression,,45.00,0.00,45.00,failed-control,0,Unconfirmed <RPT>
packet,65594,2026-02-14T10:27:44.123480,RESPONSE,UNCONFIRMED,10.0.19.47,10.0.19.39,10.0.19.39:56633-10.0.19.47:102,,,,,,55,SAT200: 10.0.19.39 Origin:128,124,E01A103_CTRL/Q1CSWI1$ST$Pos,true,failed-control,report_ctlnum_regression;report_without_matching_write,,50.00,0.00,50.00,failed-control,0,Unconfirmed <RPT>
packet,65634,2026-02-14T10:27:57.499186,RESPONSE,UNCONFIRMED,10.0.19.47,10.0.19.39,10.0.19.39:56633-10.0.19.47:102,,,,,,59,SAT200: 10.0.19.39 Origin:128,127,E01A103_CTRL/Q0CSWI1$ST$Pos,true,failed-control,report_ctlnum_regression;report_without_matching_write,,50.00,0.00,50.00,failed-control,0,Unconfirmed <RPT>
packet,74321,2026-02-14T11:38:00.654929,RESPONSE,UNCONFIRMED,10.0.19.49,10.0.19.39,10.0.19.39:56638-10.0.19.49:102,,,,,,192,IEDEXPLORER,7,E03A103_CTRL/Q0CSWI1$ST$Pos,true,likely-attack,unexpected_octet_identity_in_control_context;report_origin_not_seen_in_writes;report_without_matching_write,interarrival_outlier,80.00,25.00,100.00,likely-attack,0,Unconfirmed <RPT>
packet,74355,2026-02-14T11:38:17.182449,RESPONSE,UNCONFIRMED,10.0.19.49,10.0.19.39,10.0.19.39:56638-10.0.19.49:102,,,,,,194,IEDEXPLORER,6,E03A103_CTRL/Q1CSWI1$ST$Pos,true,likely-attack,unexpected_octet_identity_in_control_context;report_origin_not_seen_in_writes;report_ctlnum_regression;report_without_matching_write,,85.00,0.00,85.00,likely-attack,0,Unconfirmed <RPT>
packet,85938,2026-02-14T13:11:55.652736,RESPONSE,UNCONFIRMED,10.0.19.49,10.0.19.39,10.0.19.39:56638-10.0.19.49:102,,,,,,198,SAT200: 10.0.19.39 Origin:128,131,E03A103_CTRL/Q1CSWI1$ST$Pos,true,failed-control,report_without_matching_write,interarrival_outlier,45.00,25.00,70.00,likely-attack,0,Unconfirmed <RPT>
packet,85976,2026-02-14T13:12:11.691733,RESPONSE,UNCONFIRMED,10.0.19.49,10.0.19.39,10.0.19.39:56638-10.0.19.49:102,,,,,,203,SAT200: 10.0.19.39 Origin:128,130,E03A103_CTRL/Q0CSWI1$ST$Pos,true,failed-control,report_ctlnum_regression;report_without_matching_write,,50.00,0.00,50.00,failed-control,0,Unconfirmed <RPT>
packet,97173,2026-02-14T14:42:47.871570,RESPONSE,UNCONFIRMED,10.0.19.49,10.0.19.39,10.0.19.39:56638-10.0.19.49:102,,,,,,206,SAT200: 10.0.19.39 Origin:128,133,E03A103_CTRL/Q0CSWI1$ST$Pos,true,failed-control,report_without_matching_write,interarrival_outlier,45.00,25.00,70.00,likely-attack,0,Unconfirmed <RPT>
packet,97217,2026-02-14T14:43:04.728819,RESPONSE,UNCONFIRMED,10.0.19.49,10.0.19.39,10.0.19.39:56638-10.0.19.49:102,,,,,,208,SAT200: 10.0.19.39 Origin:128,132,E03A103_CTRL/Q1CSWI1$ST$Pos,true,failed-control,report_ctlnum_regression;report_without_matching_write,,50.00,0.00,50.00,failed-control,0,Unconfirmed <RPT>
packet,97249,2026-02-14T14:43:18.350450,RESPONSE,UNCONFIRMED,10.0.19.49,10.0.19.39,10.0.19.39:56638-10.0.19.49:102,,,,,,212,SAT200: 10.0.19.39 Origin:128,134,E03A103_CTRL/Q0CSWI1$ST$Pos,true,failed-control,report_ctlnum_regression;report_without_matching_write,,50.00,0.00,50.00,failed-control,0,Unconfirmed <RPT>
packet,97277,2026-02-14T14:43:29.822136,RESPONSE,UNCONFIRMED,10.0.19.49,10.0.19.39,10.0.19.39:56638-10.0.19.49:102,,,,,,,SAT200: 10.0.19.39 Origin:128,137,,,failed-control,last_appl_error,,45.00,0.00,45.00,failed-control,0,Unconfirmed <?>
packet,97373,2026-02-14T14:44:11.984679,RESPONSE,UNCONFIRMED,10.0.19.47,10.0.19.39,10.0.19.39:56633-10.0.19.47:102,,,,,,62,SAT200: 10.0.19.39 Origin:128,129,E01A103_CTRL/Q0CSWI1$ST$Pos,true,failed-control,report_without_matching_write,,45.00,0.00,45.00,failed-control,0,Unconfirmed <RPT>
packet,97400,2026-02-14T14:44:22.555063,RESPONSE,UNCONFIRMED,10.0.19.47,10.0.19.39,10.0.19.39:56633-10.0.19.47:102,,,,,,65,SAT200: 10.0.19.39 Origin:128,128,E01A103_CTRL/Q1CSWI1$ST$Pos,true,failed-control,report_ctlnum_regression;report_without_matching_write,,50.00,0.00,50.00,failed-control,0,Unconfirmed <RPT>
packet,105997,2026-02-14T15:54:12.743621,RESPONSE,UNCONFIRMED,10.0.19.49,10.0.19.39,10.0.19.39:56638-10.0.19.49:102,,,,,,215,SAT200: 10.0.19.39 Origin:128,136,E03A103_CTRL/Q0CSWI1$ST$Pos,true,failed-control,report_ctlnum_regression;report_without_matching_write,interarrival_outlier,50.00,25.00,75.00,likely-attack,0,Unconfirmed <RPT>
packet,105998,2026-02-14T15:54:12.840244,RESPONSE,UNCONFIRMED,10.0.19.49,10.0.19.39,10.0.19.39:56638-10.0.19.49:102,,,,,,216,IEDEXPLORER,8,E03A103_CTRL/Q0CSWI1$ST$Pos;E03A103_CTRL/Q1CILO1$ST$EnaCls;E03A103_CTRL/Q2CILO1$ST$EnaCls,false;true;true,likely-attack,unexpected_octet_identity_in_control_context;report_origin_not_seen_in_writes;report_without_matching_write,,80.00,0.00,80.00,likely-attack,0,Unconfirmed <RPT>
packet,106177,2026-02-14T15:55:40.164557,RESPONSE,UNCONFIRMED,10.0.19.49,10.0.19.39,10.0.19.39:56638-10.0.19.49:102,,,,,,217,IEDEXPLORER,8,E03A103_CTRL/Q0CSWI1$ST$Pos,true,likely-attack,unexpected_octet_identity_in_control_context;report_origin_not_seen_in_writes;report_without_matching_write,interarrival_outlier,80.00,7.41,87.41,likely-attack,0,Unconfirmed <RPT>
packet,106179,2026-02-14T15:55:40.390985,RESPONSE,UNCONFIRMED,10.0.19.49,10.0.19.39,10.0.19.39:56638-10.0.19.49:102,,,,,,219,IEDEXPLORER,12,E03A103_CTRL/Q0CSWI1$ST$Pos,false,likely-attack,unexpected_octet_identity_in_control_context;report_origin_not_seen_in_writes;report_without_matching_write,,80.00,0.00,80.00,likely-attack,0,Unconfirmed <RPT>
packet,106321,2026-02-14T15:56:48.176338,RESPONSE,UNCONFIRMED,10.0.19.49,10.0.19.39,10.0.19.39:56638-10.0.19.49:102,,,,,,220,IEDEXPLORER,12,E03A103_CTRL/Q0CSWI1$ST$Pos,true,likely-attack,unexpected_octet_identity_in_control_context;report_origin_not_seen_in_writes;report_without_matching_write,,80.00,0.00,80.00,likely-attack,0,Unconfirmed <RPT>
packet,106364,2026-02-14T15:57:05.897028,RESPONSE,UNCONFIRMED,10.0.19.48,10.0.19.39,10.0.19.39:56634-10.0.19.48:102,,,,,,,SAT200: 10.0.19.39 Origin:128,141,,,failed-control,last_appl_error,,45.00,0.00,45.00,failed-control,0,Unconfirmed <?>
packet,106440,2026-02-14T15:57:38.416582,RESPONSE,UNCONFIRMED,10.0.19.49,10.0.19.39,10.0.19.39:56638-10.0.19.49:102,,,,,,222,SAT200: 10.0.19.39 Origin:128,135,E03A103_CTRL/Q1CSWI1$ST$Pos,true,failed-control,report_ctlnum_regression;report_without_matching_write,,50.00,0.00,50.00,failed-control,0,Unconfirmed <RPT>
packet,106474,2026-02-14T15:57:52.622145,RESPONSE,UNCONFIRMED,10.0.19.49,10.0.19.39,10.0.19.39:56638-10.0.19.49:102,,,,,,226,SAT200: 10.0.19.39 Origin:128,140,E03A103_CTRL/Q0CSWI1$ST$Pos,true,failed-control,report_ctlnum_regression;report_without_matching_write,,50.00,0.00,50.00,failed-control,0,Unconfirmed <RPT>
packet,106517,2026-02-14T15:58:06.567330,RESPONSE,UNCONFIRMED,10.0.19.47,10.0.19.39,10.0.19.39:56633-10.0.19.47:102,,,,,,70,SAT200: 10.0.19.39 Origin:128,139,E01A103_CTRL/Q1CSWI1$ST$Pos,true,failed-control,report_without_matching_write,,45.00,0.00,45.00,failed-control,0,Unconfirmed <RPT>
packet,106550,2026-02-14T15:58:17.690984,RESPONSE,UNCONFIRMED,10.0.19.47,10.0.19.39,10.0.19.39:56633-10.0.19.47:102,,,,,,74,SAT200: 10.0.19.39 Origin:128,138,E01A103_CTRL/Q0CSWI1$ST$Pos,true,failed-control,report_ctlnum_regression;report_without_matching_write,,50.00,0.00,50.00,failed-control,0,Unconfirmed <RPT>
packet,106622,2026-02-14T15:58:49.371309,RESPONSE,UNCONFIRMED,10.0.19.49,10.0.19.39,10.0.19.39:56638-10.0.19.49:102,,,,,,229,SAT200: 10.0.19.39 Origin:128,142,E03A103_CTRL/Q1CSWI1$ST$Pos,true,failed-control,report_ctlnum_regression;report_without_matching_write,,50.00,0.00,50.00,failed-control,0,Unconfirmed <RPT>
packet,106625,2026-02-14T15:58:50.420495,RESPONSE,UNCONFIRMED,10.0.19.49,10.0.19.39,10.0.19.39:56638-10.0.19.49:102,,,,,,231,IEDEXPLORER,14,E03A103_CTRL/Q1CSWI1$ST$Pos,true,likely-attack,unexpected_octet_identity_in_control_context;report_origin_not_seen_in_writes;report_without_matching_write,,80.00,0.00,80.00,likely-attack,0,Unconfirmed <RPT>
packet,106628,2026-02-14T15:58:51.903478,RESPONSE,UNCONFIRMED,10.0.19.49,10.0.19.39,10.0.19.39:56638-10.0.19.49:102,,,,,,232,IEDEXPLORER,14,E03A103_CTRL/Q0CILO1$ST$EnaCls;E03A103_CTRL/Q1CSWI1$ST$Pos;E03A103_CTRL/Q8CILO1$ST$EnaCls,true;false;true,likely-attack,unexpected_octet_identity_in_control_context;report_origin_not_seen_in_writes;report_without_matching_write,,80.00,0.00,80.00,likely-attack,0,Unconfirmed <RPT>
packet,106766,2026-02-14T15:59:52.947114,RESPONSE,UNCONFIRMED,10.0.19.49,10.0.19.39,10.0.19.39:56638-10.0.19.49:102,,,,,,233,IEDEXPLORER,14,E03A103_CTRL/Q1CSWI1$ST$Pos,true,likely-attack,unexpected_octet_identity_in_control_context;report_origin_not_seen_in_writes;report_without_matching_write,,80.00,0.00,80.00,likely-attack,0,Unconfirmed <RPT>
packet,106771,2026-02-14T15:59:53.877613,RESPONSE,UNCONFIRMED,10.0.19.49,10.0.19.39,10.0.19.39:56638-10.0.19.49:102,,,,,,235,IEDEXPLORER,15,E03A103_CTRL/Q1CSWI1$ST$Pos,true,likely-attack,unexpected_octet_identity_in_control_context;report_origin_not_seen_in_writes;report_without_matching_write,,80.00,0.00,80.00,likely-attack,0,Unconfirmed <RPT>
packet,106780,2026-02-14T15:59:55.480597,RESPONSE,UNCONFIRMED,10.0.19.49,10.0.19.39,10.0.19.39:56638-10.0.19.49:102,,,,,,236,IEDEXPLORER,15,E03A103_CTRL/Q1CSWI1$ST$Pos,false,likely-attack,unexpected_octet_identity_in_control_context;report_origin_not_seen_in_writes;report_without_matching_write,,80.00,0.00,80.00,likely-attack,0,Unconfirmed <RPT>
packet,165399,2026-02-15T00:52:07.064378,RESPONSE,UNCONFIRMED,10.0.19.47,10.0.19.39,10.0.19.39:56633-10.0.19.47:102,,,,,,77,SAT200: 10.0.19.39 Origin:128,145,E01A103_CTRL/Q0CSWI1$ST$Pos,true,failed-control,report_without_matching_write,,45.00,0.00,45.00,failed-control,0,Unconfirmed <RPT>
packet,165400,2026-02-15T00:52:07.224439,RESPONSE,UNCONFIRMED,10.0.19.47,10.0.19.39,10.0.19.39:56633-10.0.19.47:102,,,,,,78,IEDEXPLORER,0,E01A103_CTRL/Q0CSWI1$ST$Pos;E01A103_CTRL/Q1CILO1$ST$EnaCls,false;true,likely-attack,unexpected_octet_identity_in_control_context;report_origin_not_seen_in_writes;report_without_matching_write,,80.00,0.00,80.00,likely-attack,0,Unconfirmed <RPT>
packet,166879,2026-02-15T01:02:48.385014,RESPONSE,UNCONFIRMED,10.0.19.47,10.0.19.39,10.0.19.39:56633-10.0.19.47:102,,,,,,79,SAT200: 10.0.19.39 Origin:128,144,E01A103_CTRL/Q1CSWI1$ST$Pos,true,failed-control,report_ctlnum_regression;report_without_matching_write,,50.00,0.00,50.00,failed-control,0,Unconfirmed <RPT>
packet,166881,2026-02-15T01:02:49.323911,RESPONSE,UNCONFIRMED,10.0.19.47,10.0.19.39,10.0.19.39:56633-10.0.19.47:102,,,,,,81,IEDEXPLORER,1,E01A103_CTRL/Q1CSWI1$ST$Pos,true,likely-attack,unexpected_octet_identity_in_control_context;report_origin_not_seen_in_writes;report_without_matching_write,,80.00,0.00,80.00,likely-attack,0,Unconfirmed <RPT>
packet,166893,2026-02-15T01:02:50.930384,RESPONSE,UNCONFIRMED,10.0.19.47,10.0.19.39,10.0.19.39:56633-10.0.19.47:102,,,,,,82,IEDEXPLORER,1,E01A103_CTRL/Q0CILO1$ST$EnaCls;E01A103_CTRL/Q1CSWI1$ST$Pos;E01A103_CTRL/Q2CILO1$ST$EnaCls;E01A103_CTRL/Q8CILO1$ST$EnaCls,true;false;true;true,likely-attack,unexpected_octet_identity_in_control_context;report_origin_not_seen_in_writes;report_without_matching_write,,80.00,0.00,80.00,likely-attack,0,Unconfirmed <RPT>
packet,166927,2026-02-15T01:03:09.186210,RESPONSE,UNCONFIRMED,10.0.19.47,10.0.19.39,10.0.19.39:56633-10.0.19.47:102,,,,,,83,IEDEXPLORER,0,E01A103_CTRL/Q0CSWI1$ST$Pos,true,likely-attack,unexpected_octet_identity_in_control_context;report_origin_not_seen_in_writes;report_ctlnum_regression;report_without_matching_write,,85.00,0.00,85.00,likely-attack,0,Unconfirmed <RPT>
packet,166929,2026-02-15T01:03:09.447775,RESPONSE,UNCONFIRMED,10.0.19.47,10.0.19.39,10.0.19.39:56633-10.0.19.47:102,,,,,,85,IEDEXPLORER,2,E01A103_CTRL/Q0CSWI1$ST$Pos,false,likely-attack,unexpected_octet_identity_in_control_context;report_origin_not_seen_in_writes;report_without_matching_write,,80.00,0.00,80.00,likely-attack,0,Unconfirmed <RPT>
packet,173970,2026-02-15T01:54:52.982528,RESPONSE,UNCONFIRMED,10.0.19.47,10.0.19.39,10.0.19.39:56633-10.0.19.47:102,,,,,,86,IEDEXPLORER,2,E01A103_CTRL/Q0CSWI1$ST$Pos,true,likely-attack,unexpected_octet_identity_in_control_context;report_origin_not_seen_in_writes;report_without_matching_write,,80.00,0.00,80.00,likely-attack,0,Unconfirmed <RPT>
packet,173971,2026-02-15T01:54:53.145008,RESPONSE,UNCONFIRMED,10.0.19.47,10.0.19.39,10.0.19.39:56633-10.0.19.47:102,,,,,,87,IEDEXPLORER,3,E01A103_CTRL/Q0CSWI1$ST$Pos;E01A103_CTRL/Q1CILO1$ST$EnaCls;E01A103_CTRL/Q2CILO1$ST$EnaCls,false;true;true,likely-attack,unexpected_octet_identity_in_control_context;report_origin_not_seen_in_writes;report_without_matching_write,,80.00,0.00,80.00,likely-attack,0,Unconfirmed <RPT>
packet,174013,2026-02-15T01:55:11.161359,RESPONSE,UNCONFIRMED,10.0.19.47,10.0.19.39,10.0.19.39:56633-10.0.19.47:102,,,,,,88,IEDEXPLORER,1,E01A103_CTRL/Q1CSWI1$ST$Pos,true,likely-attack,unexpected_octet_identity_in_control_context;report_origin_not_seen_in_writes;report_ctlnum_regression;report_without_matching_write,,85.00,0.00,85.00,likely-attack,0,Unconfirmed <RPT>
packet,174017,2026-02-15T01:55:12.101293,RESPONSE,UNCONFIRMED,10.0.19.47,10.0.19.39,10.0.19.39:56633-10.0.19.47:102,,,,,,90,IEDEXPLORER,4,E01A103_CTRL/Q1CSWI1$ST$Pos,true,likely-attack,unexpected_octet_identity_in_control_context;report_origin_not_seen_in_writes;report_without_matching_write,,80.00,0.00,80.00,likely-attack,0,Unconfirmed <RPT>
packet,174018,2026-02-15T01:55:13.838724,RESPONSE,UNCONFIRMED,10.0.19.47,10.0.19.39,10.0.19.39:56633-10.0.19.47:102,,,,,,91,IEDEXPLORER,4,E01A103_CTRL/Q0CILO1$ST$EnaCls;E01A103_CTRL/Q1CSWI1$ST$Pos,true;false,likely-attack,unexpected_octet_identity_in_control_context;report_origin_not_seen_in_writes;report_without_matching_write,,80.00,0.00,80.00,likely-attack,0,Unconfirmed <RPT>
packet,174130,2026-02-15T01:56:03.269290,RESPONSE,UNCONFIRMED,10.0.19.47,10.0.19.39,10.0.19.39:56633-10.0.19.47:102,,,,,,92,IEDEXPLORER,3,E01A103_CTRL/Q0CSWI1$ST$Pos,true,likely-attack,unexpected_octet_identity_in_control_context;report_origin_not_seen_in_writes;report_ctlnum_regression;report_without_matching_write,,85.00,0.00,85.00,likely-attack,0,Unconfirmed <RPT>
packet,174132,2026-02-15T01:56:03.443016,RESPONSE,UNCONFIRMED,10.0.19.47,10.0.19.39,10.0.19.39:56633-10.0.19.47:102,,,,,,94,IEDEXPLORER,5,E01A103_CTRL/Q0CSWI1$ST$Pos,false,likely-attack,unexpected_octet_identity_in_control_context;report_origin_not_seen_in_writes;report_without_matching_write,,80.00,0.00,80.00,likely-attack,0,Unconfirmed <RPT>
packet,175036,2026-02-15T02:02:43.866406,RESPONSE,UNCONFIRMED,10.0.19.49,10.0.19.39,10.0.19.39:56638-10.0.19.49:102,,,,,,238,SAT200: 10.0.19.39 Origin:128,143,E03A103_CTRL/Q0CSWI1$ST$Pos,true,failed-control,report_without_matching_write,interarrival_outlier,45.00,25.00,70.00,likely-attack,0,Unconfirmed <RPT>
packet,175068,2026-02-15T02:02:55.890848,RESPONSE,UNCONFIRMED,10.0.19.49,10.0.19.39,10.0.19.39:56638-10.0.19.49:102,,,,,,241,IEDEXPLORER,15,E03A103_CTRL/Q1CSWI1$ST$Pos,true,likely-attack,unexpected_octet_identity_in_control_context;report_origin_not_seen_in_writes;report_without_matching_write,,80.00,0.00,80.00,likely-attack,0,Unconfirmed <RPT>
packet,175112,2026-02-15T02:03:10.988917,RESPONSE,UNCONFIRMED,10.0.19.49,10.0.19.39,10.0.19.39:56638-10.0.19.49:102,,,,,,245,SAT200: 10.0.19.39 Origin:128,146,E03A103_CTRL/Q0CSWI1$ST$Pos,true,failed-control,report_ctlnum_regression;report_without_matching_write,,50.00,0.00,50.00,failed-control,0,Unconfirmed <RPT>
packet,175147,2026-02-15T02:03:26.056706,RESPONSE,UNCONFIRMED,10.0.19.49,10.0.19.39,10.0.19.39:56638-10.0.19.49:102,,,,,,,SAT200: 10.0.19.39 Origin:128,149,,,failed-control,last_appl_error,,45.00,0.00,45.00,failed-control,0,Unconfirmed <?>
packet,176071,2026-02-15T02:10:12.895794,RESPONSE,UNCONFIRMED,10.0.19.49,10.0.19.39,10.0.19.39:56638-10.0.19.49:102,,,,,,248,SAT200: 10.0.19.39 Origin:128,148,E03A103_CTRL/Q0CSWI1$ST$Pos,true,failed-control,report_ctlnum_regression;report_without_matching_write,interarrival_outlier,50.00,25.00,75.00,likely-attack,0,Unconfirmed <RPT>
packet,176122,2026-02-15T02:10:32.909402,RESPONSE,UNCONFIRMED,10.0.19.49,10.0.19.39,10.0.19.39:56638-10.0.19.49:102,,,,,,250,SAT200: 10.0.19.39 Origin:128,147,E03A103_CTRL/Q1CSWI1$ST$Pos,true,failed-control,report_ctlnum_regression;report_without_matching_write,,50.00,0.00,50.00,failed-control,0,Unconfirmed <RPT>
packet,176167,2026-02-15T02:10:48.849135,RESPONSE,UNCONFIRMED,10.0.19.49,10.0.19.39,10.0.19.39:56638-10.0.19.49:102,,,,,,254,SAT200: 10.0.19.39 Origin:128,150,E03A103_CTRL/Q0CSWI1$ST$Pos,true,failed-control,report_ctlnum_regression;report_without_matching_write,,50.00,0.00,50.00,failed-control,0,Unconfirmed <RPT>
packet,194923,2026-02-15T04:28:54.827776,RESPONSE,UNCONFIRMED,10.0.19.49,10.0.19.39,10.0.19.39:56638-10.0.19.49:102,,,,,,1,SAT200: 10.0.19.39 Origin:128,152,E03A103_CTRL/Q0CSWI1$ST$Pos,true,failed-control,report_without_matching_write,interarrival_outlier,45.00,25.00,70.00,likely-attack,0,Unconfirmed <RPT>
packet,194965,2026-02-15T04:29:10.346207,RESPONSE,UNCONFIRMED,10.0.19.49,10.0.19.39,10.0.19.39:56638-10.0.19.49:102,,,,,,3,SAT200: 10.0.19.39 Origin:128,151,E03A103_CTRL/Q1CSWI1$ST$Pos,true,failed-control,report_ctlnum_regression;report_without_matching_write,,50.00,0.00,50.00,failed-control,0,Unconfirmed <RPT>
packet,195041,2026-02-15T04:29:38.248114,RESPONSE,UNCONFIRMED,10.0.19.49,10.0.19.39,10.0.19.39:56638-10.0.19.49:102,,,,,,11,SAT200: 10.0.19.39 Origin:128,153,E03A103_CTRL/Q0CSWI1$ST$Pos,true,failed-control,report_ctlnum_regression;report_without_matching_write,,50.00,0.00,50.00,failed-control,0,Unconfirmed <RPT>
packet,206826,2026-02-15T05:56:10.394481,RESPONSE,UNCONFIRMED,10.0.19.49,10.0.19.39,10.0.19.39:56638-10.0.19.49:102,,,,,,14,SAT200: 10.0.19.39 Origin:128,156,E03A103_CTRL/Q0CSWI1$ST$Pos,true,failed-control,report_without_matching_write,interarrival_outlier,45.00,25.00,70.00,likely-attack,0,Unconfirmed <RPT>
packet,206871,2026-02-15T05:56:26.741178,RESPONSE,UNCONFIRMED,10.0.19.49,10.0.19.39,10.0.19.39:56638-10.0.19.49:102,,,,,,16,SAT200: 10.0.19.39 Origin:128,155,E03A103_CTRL/Q1CSWI1$ST$Pos,true,failed-control,report_ctlnum_regression;report_without_matching_write,,50.00,0.00,50.00,failed-control,0,Unconfirmed <RPT>
packet,206947,2026-02-15T05:56:55.673550,RESPONSE,UNCONFIRMED,10.0.19.47,10.0.19.39,10.0.19.39:56633-10.0.19.47:102,,,,,,,SAT200: 10.0.19.39 Origin:128,160,,,failed-control,last_appl_error,,45.00,0.00,45.00,failed-control,0,Unconfirmed <?>
packet,206991,2026-02-15T05:57:12.938226,RESPONSE,UNCONFIRMED,10.0.19.47,10.0.19.39,10.0.19.39:56633-10.0.19.47:102,,,,,,95,IEDEXPLORER,5,E01A103_CTRL/Q0CSWI1$ST$Pos,true,likely-attack,unexpected_octet_identity_in_control_context;report_origin_not_seen_in_writes;report_without_matching_write,,80.00,0.00,80.00,likely-attack,0,Unconfirmed <RPT>
packet,207010,2026-02-15T05:57:21.002867,RESPONSE,UNCONFIRMED,10.0.19.47,10.0.19.39,10.0.19.39:56633-10.0.19.47:102,,,,,,97,IEDEXPLORER,4,E01A103_CTRL/Q1CSWI1$ST$Pos,true,likely-attack,unexpected_octet_identity_in_control_context;report_origin_not_seen_in_writes;report_ctlnum_regression;report_without_matching_write,,85.00,0.00,85.00,likely-attack,0,Unconfirmed <RPT>
packet,207056,2026-02-15T05:57:36.501174,RESPONSE,UNCONFIRMED,10.0.19.49,10.0.19.39,10.0.19.39:56638-10.0.19.49:102,,,,,,22,SAT200: 10.0.19.39 Origin:128,157,E03A103_CTRL/Q0CSWI1$ST$Pos,true,failed-control,report_ctlnum_regression;report_without_matching_write,,50.00,0.00,50.00,failed-control,0,Unconfirmed <RPT>
packet,207086,2026-02-15T05:57:48.676471,RESPONSE,UNCONFIRMED,10.0.19.49,10.0.19.39,10.0.19.39:56638-10.0.19.49:102,,,,,,,SAT200: 10.0.19.39 Origin:128,164,,,failed-control,last_appl_error,,45.00,0.00,45.00,failed-control,0,Unconfirmed <?>
packet,207107,2026-02-15T05:57:56.413349,RESPONSE,UNCONFIRMED,10.0.19.49,10.0.19.39,10.0.19.39:56638-10.0.19.49:102,,,,,,25,SAT200: 10.0.19.39 Origin:128,163,E03A103_CTRL/Q0CSWI1$ST$Pos,true,failed-control,report_ctlnum_regression,,45.00,0.00,45.00,failed-control,0,Unconfirmed <RPT>
packet,207154,2026-02-15T05:58:15.113488,RESPONSE,UNCONFIRMED,10.0.19.49,10.0.19.39,10.0.19.39:56638-10.0.19.49:102,,,,,,27,SAT200: 10.0.19.39 Origin:128,158,E03A103_CTRL/Q1CSWI1$ST$Pos,true,failed-control,report_ctlnum_regression;report_without_matching_write,,50.00,0.00,50.00,failed-control,0,Unconfirmed <RPT>
packet,207189,2026-02-15T05:58:29.121341,RESPONSE,UNCONFIRMED,10.0.19.49,10.0.19.39,10.0.19.39:56638-10.0.19.49:102,,,,,,31,SAT200: 10.0.19.39 Origin:128,165,E03A103_CTRL/Q0CSWI1$ST$Pos,true,failed-control,report_ctlnum_regression;report_without_matching_write,,50.00,0.00,50.00,failed-control,0,Unconfirmed <RPT>
packet,207257,2026-02-15T05:58:53.744452,RESPONSE,UNCONFIRMED,10.0.19.47,10.0.19.39,10.0.19.39:56633-10.0.19.47:102,,,,,,102,SAT200: 10.0.19.39 Origin:128,162,E01A103_CTRL/Q1CSWI1$ST$Pos,true,failed-control,report_without_matching_write,,45.00,0.00,45.00,failed-control,0,Unconfirmed <RPT>
packet,207289,2026-02-15T05:59:05.138362,RESPONSE,UNCONFIRMED,10.0.19.47,10.0.19.39,10.0.19.39:56633-10.0.19.47:102,,,,,,107,SAT200: 10.0.19.39 Origin:128,161,E01A103_CTRL/Q0CSWI1$ST$Pos,true,failed-control,report_ctlnum_regression;report_without_matching_write,,50.00,0.00,50.00,failed-control,0,Unconfirmed <RPT>
packet,237563,2026-02-15T09:54:31.545084,RESPONSE,UNCONFIRMED,10.0.19.47,10.0.19.39,10.0.19.39:56633-10.0.19.47:102,,,,,,110,SAT200: 10.0.19.39 Origin:128,169,E01A103_CTRL/Q0CSWI1$ST$Pos,true,failed-control,report_without_matching_write,,45.00,0.00,45.00,failed-control,0,Unconfirmed <RPT>
packet,237564,2026-02-15T09:54:31.687580,RESPONSE,UNCONFIRMED,10.0.19.47,10.0.19.39,10.0.19.39:56633-10.0.19.47:102,,,,,,111,IEDEXPLORER,0,E01A103_CTRL/Q0CSWI1$ST$Pos;E01A103_CTRL/Q1CILO1$ST$EnaCls,false;true,likely-attack,unexpected_octet_identity_in_control_context;report_origin_not_seen_in_writes;report_ctlnum_regression;report_without_matching_write,,85.00,0.00,85.00,likely-attack,0,Unconfirmed <RPT>
packet,237784,2026-02-15T09:56:16.865887,RESPONSE,UNCONFIRMED,10.0.19.47,10.0.19.39,10.0.19.39:56633-10.0.19.47:102,,,,,,112,SAT200: 10.0.19.39 Origin:128,168,E01A103_CTRL/Q1CSWI1$ST$Pos,true,failed-control,report_ctlnum_regression;report_without_matching_write,,50.00,0.00,50.00,failed-control,0,Unconfirmed <RPT>
packet,237786,2026-02-15T09:56:17.804785,RESPONSE,UNCONFIRMED,10.0.19.47,10.0.19.39,10.0.19.39:56633-10.0.19.47:102,,,,,,114,IEDEXPLORER,1,E01A103_CTRL/Q1CSWI1$ST$Pos,true,likely-attack,unexpected_octet_identity_in_control_context;report_origin_not_seen_in_writes;report_ctlnum_regression;report_without_matching_write,,85.00,0.00,85.00,likely-attack,0,Unconfirmed <RPT>
packet,237791,2026-02-15T09:56:19.388810,RESPONSE,UNCONFIRMED,10.0.19.47,10.0.19.39,10.0.19.39:56633-10.0.19.47:102,,,,,,115,IEDEXPLORER,1,E01A103_CTRL/Q1CSWI1$ST$Pos,false,likely-attack,unexpected_octet_identity_in_control_context;report_origin_not_seen_in_writes;report_ctlnum_regression;report_without_matching_write,,85.00,0.00,85.00,likely-attack,0,Unconfirmed <RPT>
packet,244917,2026-02-15T10:54:01.427673,RESPONSE,UNCONFIRMED,10.0.19.47,10.0.19.39,10.0.19.39:56633-10.0.19.47:102,,,,,,117,IEDEXPLORER,1,E01A103_CTRL/Q1CSWI1$ST$Pos,true,likely-attack,unexpected_octet_identity_in_control_context;report_origin_not_seen_in_writes;report_ctlnum_regression;report_without_matching_write,,85.00,0.00,85.00,likely-attack,0,Unconfirmed <RPT>
packet,244919,2026-02-15T10:54:02.363127,RESPONSE,UNCONFIRMED,10.0.19.47,10.0.19.39,10.0.19.39:56633-10.0.19.47:102,,,,,,119,IEDEXPLORER,2,E01A103_CTRL/Q1CSWI1$ST$Pos,true,likely-attack,unexpected_octet_identity_in_control_context;report_origin_not_seen_in_writes;report_ctlnum_regression;report_without_matching_write,,85.00,0.00,85.00,likely-attack,0,Unconfirmed <RPT>
packet,244921,2026-02-15T10:54:03.991219,RESPONSE,UNCONFIRMED,10.0.19.47,10.0.19.39,10.0.19.39:56633-10.0.19.47:102,,,,,,120,IEDEXPLORER,2,E01A103_CTRL/Q0CILO1$ST$EnaCls;E01A103_CTRL/Q1CSWI1$ST$Pos,true;false,likely-attack,unexpected_octet_identity_in_control_context;report_origin_not_seen_in_writes;report_ctlnum_regression;report_without_matching_write,,85.00,0.00,85.00,likely-attack,0,Unconfirmed <RPT>
packet,244941,2026-02-15T10:54:13.929991,RESPONSE,UNCONFIRMED,10.0.19.47,10.0.19.39,10.0.19.39:56633-10.0.19.47:102,,,,,,121,IEDEXPLORER,0,E01A103_CTRL/Q0CSWI1$ST$Pos,true,likely-attack,unexpected_octet_identity_in_control_context;report_origin_not_seen_in_writes;report_ctlnum_regression;report_without_matching_write,,85.00,0.00,85.00,likely-attack,0,Unconfirmed <RPT>
packet,244943,2026-02-15T10:54:14.126161,RESPONSE,UNCONFIRMED,10.0.19.47,10.0.19.39,10.0.19.39:56633-10.0.19.47:102,,,,,,123,IEDEXPLORER,3,E01A103_CTRL/Q0CSWI1$ST$Pos,false,likely-attack,unexpected_octet_identity_in_control_context;report_origin_not_seen_in_writes;report_ctlnum_regression;report_without_matching_write,,85.00,0.00,85.00,likely-attack,0,Unconfirmed <RPT>
packet,269373,2026-02-15T14:11:57.775369,RESPONSE,UNCONFIRMED,10.0.19.49,10.0.19.39,10.0.19.39:56638-10.0.19.49:102,,,,,,34,SAT200: 10.0.19.39 Origin:128,167,E03A103_CTRL/Q0CSWI1$ST$Pos,true,failed-control,report_without_matching_write,interarrival_outlier,45.00,25.00,70.00,likely-attack,0,Unconfirmed <RPT>
packet,269415,2026-02-15T14:12:15.634536,RESPONSE,UNCONFIRMED,10.0.19.49,10.0.19.39,10.0.19.39:56638-10.0.19.49:102,,,,,,37,SAT200: 10.0.19.39 Origin:128,166,E03A103_CTRL/Q1CSWI1$ST$Pos,true,failed-control,report_ctlnum_regression;report_without_matching_write,,50.00,0.00,50.00,failed-control,0,Unconfirmed <RPT>
packet,269467,2026-02-15T14:12:32.928308,RESPONSE,UNCONFIRMED,10.0.19.47,10.0.19.39,10.0.19.39:56633-10.0.19.47:102,,,,,,124,IEDEXPLORER,3,E01A103_CTRL/Q0CSWI1$ST$Pos,true,likely-attack,unexpected_octet_identity_in_control_context;report_origin_not_seen_in_writes;report_ctlnum_regression;report_without_matching_write,,85.00,0.00,85.00,likely-attack,0,Unconfirmed <RPT>
packet,269495,2026-02-15T14:12:42.062247,RESPONSE,UNCONFIRMED,10.0.19.47,10.0.19.39,10.0.19.39:56633-10.0.19.47:102,,,,,,127,IEDEXPLORER,2,E01A103_CTRL/Q1CSWI1$ST$Pos,true,likely-attack,unexpected_octet_identity_in_control_context;report_origin_not_seen_in_writes;report_ctlnum_regression;report_without_matching_write,,85.00,0.00,85.00,likely-attack,0,Unconfirmed <RPT>
packet,269526,2026-02-15T14:12:53.391111,RESPONSE,UNCONFIRMED,10.0.19.49,10.0.19.39,10.0.19.39:56638-10.0.19.49:102,,,,,,42,SAT200: 10.0.19.39 Origin:128,171,E03A103_CTRL/Q1CSWI1$ST$Pos,true,failed-control,report_without_matching_write,,45.00,0.00,45.00,failed-control,0,Unconfirmed <RPT>
packet,269570,2026-02-15T14:13:08.108244,RESPONSE,UNCONFIRMED,10.0.19.47,10.0.19.39,10.0.19.39:56633-10.0.19.47:102,,,,,,131,SAT200: 10.0.19.39 Origin:128,173,E01A103_CTRL/Q1CSWI1$ST$Pos,true,failed-control,report_without_matching_write,,45.00,0.00,45.00,failed-control,0,Unconfirmed <RPT>
packet,269608,2026-02-15T14:13:20.150131,RESPONSE,UNCONFIRMED,10.0.19.47,10.0.19.39,10.0.19.39:56633-10.0.19.47:102,,,,,,136,SAT200: 10.0.19.39 Origin:128,172,E01A103_CTRL/Q0CSWI1$ST$Pos,true,failed-control,report_ctlnum_regression;report_without_matching_write,,50.00,0.00,50.00,failed-control,0,Unconfirmed <RPT>
packet,269638,2026-02-15T14:13:32.734184,RESPONSE,UNCONFIRMED,10.0.19.49,10.0.19.39,10.0.19.39:56638-10.0.19.49:102,,,,,,47,SAT200: 10.0.19.39 Origin:128,170,E03A103_CTRL/Q0CSWI1$ST$Pos,true,failed-control,report_ctlnum_regression;report_without_matching_write,,50.00,0.00,50.00,failed-control,0,Unconfirmed <RPT>
packet,270730,2026-02-15T14:21:35.355256,RESPONSE,UNCONFIRMED,10.0.19.49,10.0.19.39,10.0.19.39:56638-10.0.19.49:102,,,,,,50,SAT200: 10.0.19.39 Origin:128,177,E03A103_CTRL/Q0CSWI1$ST$Pos,true,failed-control,report_without_matching_write,interarrival_outlier,45.00,25.00,70.00,likely-attack,0,Unconfirmed <RPT>
packet,270731,2026-02-15T14:21:35.526053,RESPONSE,UNCONFIRMED,10.0.19.49,10.0.19.39,10.0.19.39:56638-10.0.19.49:102,,,,,,51,IEDEXPLORER,0,E03A103_CTRL/Q0CSWI1$ST$Pos;E03A103_CTRL/Q1CILO1$ST$EnaCls,false;true,likely-attack,unexpected_octet_identity_in_control_context;report_origin_not_seen_in_writes;report_ctlnum_regression;report_without_matching_write,,85.00,0.00,85.00,likely-attack,0,Unconfirmed <RPT>
packet,270776,2026-02-15T14:21:55.075747,RESPONSE,UNCONFIRMED,10.0.19.49,10.0.19.39,10.0.19.39:56638-10.0.19.49:102,,,,,,52,SAT200: 10.0.19.39 Origin:128,174,E03A103_CTRL/Q1CSWI1$ST$Pos,true,failed-control,report_ctlnum_regression;report_without_matching_write,,50.00,0.00,50.00,failed-control,0,Unconfirmed <RPT>
packet,270778,2026-02-15T14:21:56.075147,RESPONSE,UNCONFIRMED,10.0.19.49,10.0.19.39,10.0.19.39:56638-10.0.19.49:102,,,,,,54,IEDEXPLORER,1,E03A103_CTRL/Q1CSWI1$ST$Pos,true,likely-attack,unexpected_octet_identity_in_control_context;report_origin_not_seen_in_writes;report_ctlnum_regression;report_without_matching_write,,85.00,0.00,85.00,likely-attack,0,Unconfirmed <RPT>
packet,270781,2026-02-15T14:21:57.620372,RESPONSE,UNCONFIRMED,10.0.19.49,10.0.19.39,10.0.19.39:56638-10.0.19.49:102,,,,,,55,IEDEXPLORER,1,E03A103_CTRL/Q0CILO1$ST$EnaCls;E03A103_CTRL/Q1CSWI1$ST$Pos;E03A103_CTRL/Q2CILO1$ST$EnaCls;E03A103_CTRL/Q8CILO1$ST$EnaCls,true;false;true;true,likely-attack,unexpected_octet_identity_in_control_context;report_origin_not_seen_in_writes;report_ctlnum_regression;report_without_matching_write,payload_size_outlier,85.00,4.67,89.67,likely-attack,0,Unconfirmed <RPT>
packet,270914,2026-02-15T14:22:56.195705,RESPONSE,UNCONFIRMED,10.0.19.49,10.0.19.39,10.0.19.39:56638-10.0.19.49:102,,,,,,56,IEDEXPLORER,1,E03A103_CTRL/Q1CSWI1$ST$Pos,true,likely-attack,unexpected_octet_identity_in_control_context;report_origin_not_seen_in_writes;report_ctlnum_regression;report_without_matching_write,,85.00,0.00,85.00,likely-attack,0,Unconfirmed <RPT>
packet,270916,2026-02-15T14:22:57.134892,RESPONSE,UNCONFIRMED,10.0.19.49,10.0.19.39,10.0.19.39:56638-10.0.19.49:102,,,,,,58,IEDEXPLORER,3,E03A103_CTRL/Q1CSWI1$ST$Pos,true,likely-attack,unexpected_octet_identity_in_control_context;report_origin_not_seen_in_writes;report_ctlnum_regression;report_without_matching_write,,85.00,0.00,85.00,likely-attack,0,Unconfirmed <RPT>
packet,270929,2026-02-15T14:22:58.738438,RESPONSE,UNCONFIRMED,10.0.19.49,10.0.19.39,10.0.19.39:56638-10.0.19.49:102,,,,,,59,IEDEXPLORER,3,E03A103_CTRL/Q0CILO1$ST$EnaCls;E03A103_CTRL/Q1CSWI1$ST$Pos,true;false,likely-attack,unexpected_octet_identity_in_control_context;report_origin_not_seen_in_writes;report_ctlnum_regression;report_without_matching_write,,85.00,0.00,85.00,likely-attack,0,Unconfirmed <RPT>
packet,270958,2026-02-15T14:23:14.276280,RESPONSE,UNCONFIRMED,10.0.19.49,10.0.19.39,10.0.19.39:56638-10.0.19.49:102,,,,,,60,IEDEXPLORER,0,E03A103_CTRL/Q0CSWI1$ST$Pos,true,likely-attack,unexpected_octet_identity_in_control_context;report_origin_not_seen_in_writes;report_ctlnum_regression;report_without_matching_write,,85.00,0.00,85.00,likely-attack,0,Unconfirmed <RPT>
packet,270960,2026-02-15T14:23:14.509117,RESPONSE,UNCONFIRMED,10.0.19.49,10.0.19.39,10.0.19.39:56638-10.0.19.49:102,,,,,,62,IEDEXPLORER,4,E03A103_CTRL/Q0CSWI1$ST$Pos,false,likely-attack,unexpected_octet_identity_in_control_context;report_origin_not_seen_in_writes;report_ctlnum_regression;report_without_matching_write,,85.00,0.00,85.00,likely-attack,0,Unconfirmed <RPT>
packet,271492,2026-02-15T14:27:08.472590,RESPONSE,UNCONFIRMED,10.0.19.47,10.0.19.39,10.0.19.39:56633-10.0.19.47:102,,,,,,139,Process,0,E01A103_CTRL/Q8CSWI1$ST$Pos,true,likely-attack,unexpected_octet_identity_in_control_context;report_origin_not_seen_in_writes;report_without_matching_write,,80.00,0.00,80.00,likely-attack,0,Unconfirmed <RPT>
packet,271499,2026-02-15T14:27:09.372988,RESPONSE,UNCONFIRMED,10.0.19.47,10.0.19.39,10.0.19.39:56633-10.0.19.47:102,,,,,,141,IEDEXPLORER,0,E01A103_CTRL/Q8CSWI1$ST$Pos,true,likely-attack,unexpected_octet_identity_in_control_context;report_origin_not_seen_in_writes;report_ctlnum_regression;report_without_matching_write,,85.00,0.00,85.00,likely-attack,0,Unconfirmed <RPT>
packet,271502,2026-02-15T14:27:10.976533,RESPONSE,UNCONFIRMED,10.0.19.47,10.0.19.39,10.0.19.39:56633-10.0.19.47:102,,,,,,142,IEDEXPLORER,0,E01A103_CTRL/Q0CILO1$ST$EnaCls;E01A103_CTRL/Q8CSWI1$ST$Pos,true;false,likely-attack,unexpected_octet_identity_in_control_context;report_origin_not_seen_in_writes;report_ctlnum_regression;report_without_matching_write,,85.00,0.00,85.00,likely-attack,0,Unconfirmed <RPT>
packet,271573,2026-02-15T14:27:43.993681,RESPONSE,UNCONFIRMED,10.0.19.47,10.0.19.39,10.0.19.39:56633-10.0.19.47:102,,,,,,143,IEDEXPLORER,0,E01A103_CTRL/Q8CSWI1$ST$Pos,true,likely-attack,unexpected_octet_identity_in_control_context;report_origin_not_seen_in_writes;report_ctlnum_regression;report_without_matching_write,,85.00,0.00,85.00,likely-attack,0,Unconfirmed <RPT>
packet,271578,2026-02-15T14:27:44.911834,RESPONSE,UNCONFIRMED,10.0.19.47,10.0.19.39,10.0.19.39:56633-10.0.19.47:102,,,,,,145,IEDEXPLORER,1,E01A103_CTRL/Q8CSWI1$ST$Pos,true,likely-attack,unexpected_octet_identity_in_control_context;report_origin_not_seen_in_writes;report_ctlnum_regression;report_without_matching_write,,85.00,0.00,85.00,likely-attack,0,Unconfirmed <RPT>
packet,271581,2026-02-15T14:27:46.516086,RESPONSE,UNCONFIRMED,10.0.19.47,10.0.19.39,10.0.19.39:56633-10.0.19.47:102,,,,,,146,IEDEXPLORER,1,E01A103_CTRL/Q0CILO1$ST$EnaCls;E01A103_CTRL/Q8CSWI1$ST$Pos,true;false,likely-attack,unexpected_octet_identity_in_control_context;report_origin_not_seen_in_writes;report_ctlnum_regression;report_without_matching_write,,85.00,0.00,85.00,likely-attack,0,Unconfirmed <RPT>
packet,283373,2026-02-15T15:54:45.251748,RESPONSE,UNCONFIRMED,10.0.19.48,10.0.19.39,10.0.19.39:56634-10.0.19.48:102,,,,,,,SAT200: 10.0.19.39 Origin:128,178,,,failed-control,last_appl_error,,45.00,0.00,45.00,failed-control,0,Unconfirmed <?>
packet,283463,2026-02-15T15:55:23.961926,RESPONSE,UNCONFIRMED,10.0.19.47,10.0.19.39,10.0.19.39:56633-10.0.19.47:102,,,,,,147,SAT200: 10.0.19.39 Origin:128,176,E01A103_CTRL/Q0CSWI1$ST$Pos,true,failed-control,report_without_matching_write,,45.00,0.00,45.00,failed-control,0,Unconfirmed <RPT>
packet,283464,2026-02-15T15:55:24.125892,RESPONSE,UNCONFIRMED,10.0.19.47,10.0.19.39,10.0.19.39:56633-10.0.19.47:102,,,,,,148,IEDEXPLORER,2,E01A103_CTRL/Q0CSWI1$ST$Pos;E01A103_CTRL/Q1CILO1$ST$EnaCls,false;true,likely-attack,unexpected_octet_identity_in_control_context;report_origin_not_seen_in_writes;report_ctlnum_regression;report_without_matching_write,,85.00,0.00,85.00,likely-attack,0,Unconfirmed <RPT>
packet,283565,2026-02-15T15:56:10.102099,RESPONSE,UNCONFIRMED,10.0.19.47,10.0.19.39,10.0.19.39:56633-10.0.19.47:102,,,,,,149,SAT200: 10.0.19.39 Origin:128,175,E01A103_CTRL/Q1CSWI1$ST$Pos,true,failed-control,report_ctlnum_regression;report_without_matching_write,,50.00,0.00,50.00,failed-control,0,Unconfirmed <RPT>
packet,283568,2026-02-15T15:56:11.040755,RESPONSE,UNCONFIRMED,10.0.19.47,10.0.19.39,10.0.19.39:56633-10.0.19.47:102,,,,,,151,IEDEXPLORER,3,E01A103_CTRL/Q1CSWI1$ST$Pos,true,likely-attack,unexpected_octet_identity_in_control_context;report_origin_not_seen_in_writes;report_ctlnum_regression;report_without_matching_write,,85.00,0.00,85.00,likely-attack,0,Unconfirmed <RPT>
packet,283577,2026-02-15T15:56:12.646715,RESPONSE,UNCONFIRMED,10.0.19.47,10.0.19.39,10.0.19.39:56633-10.0.19.47:102,,,,,,152,IEDEXPLORER,3,E01A103_CTRL/Q0CILO1$ST$EnaCls;E01A103_CTRL/Q1CSWI1$ST$Pos;E01A103_CTRL/Q2CILO1$ST$EnaCls;E01A103_CTRL/Q8CILO1$ST$EnaCls,true;false;true;true,likely-attack,unexpected_octet_identity_in_control_context;report_origin_not_seen_in_writes;report_ctlnum_regression;report_without_matching_write,,85.00,0.00,85.00,likely-attack,0,Unconfirmed <RPT>
packet,283647,2026-02-15T15:56:43.181819,RESPONSE,UNCONFIRMED,10.0.19.47,10.0.19.39,10.0.19.39:56633-10.0.19.47:102,,,,,,153,Process,0,E01A103_CTRL/Q2CSWI1$ST$Pos,true,likely-attack,unexpected_octet_identity_in_control_context;report_origin_not_seen_in_writes;report_without_matching_write,,80.00,0.00,80.00,likely-attack,0,Unconfirmed <RPT>
packet,283650,2026-02-15T15:56:44.101198,RESPONSE,UNCONFIRMED,10.0.19.47,10.0.19.39,10.0.19.39:56633-10.0.19.47:102,,,,,,155,IEDEXPLORER,4,E01A103_CTRL/Q2CSWI1$ST$Pos,true,likely-attack,unexpected_octet_identity_in_control_context;report_origin_not_seen_in_writes;report_ctlnum_regression;report_without_matching_write,,85.00,0.00,85.00,likely-attack,0,Unconfirmed <RPT>
packet,283655,2026-02-15T15:56:45.705331,RESPONSE,UNCONFIRMED,10.0.19.47,10.0.19.39,10.0.19.39:56633-10.0.19.47:102,,,,,,156,IEDEXPLORER,4,E01A103_CTRL/Q0CILO1$ST$EnaCls;E01A103_CTRL/Q2CSWI1$ST$Pos,true;false,likely-attack,unexpected_octet_identity_in_control_context;report_origin_not_seen_in_writes;report_ctlnum_regression;report_without_matching_write,,85.00,0.00,85.00,likely-attack,0,Unconfirmed <RPT>
packet,283694,2026-02-15T15:57:02.906720,RESPONSE,UNCONFIRMED,10.0.19.47,10.0.19.39,10.0.19.39:56633-10.0.19.47:102,,,,,,157,IEDEXPLORER,2,E01A103_CTRL/Q0CSWI1$ST$Pos,true,likely-attack,unexpected_octet_identity_in_control_context;report_origin_not_seen_in_writes;report_ctlnum_regression;report_without_matching_write,,85.00,0.00,85.00,likely-attack,0,Unconfirmed <RPT>
packet,283696,2026-02-15T15:57:03.104847,RESPONSE,UNCONFIRMED,10.0.19.47,10.0.19.39,10.0.19.39:56633-10.0.19.47:102,,,,,,159,IEDEXPLORER,5,E01A103_CTRL/Q0CSWI1$ST$Pos,false,likely-attack,unexpected_octet_identity_in_control_context;report_origin_not_seen_in_writes;report_without_matching_write,,80.00,0.00,80.00,likely-attack,0,Unconfirmed <RPT>
packet,284044,2026-02-15T15:59:38.694636,RESPONSE,UNCONFIRMED,10.0.19.49,10.0.19.39,10.0.19.39:56638-10.0.19.49:102,,,,,,63,IEDEXPLORER,4,E03A103_CTRL/Q0CSWI1$ST$Pos,true,likely-attack,unexpected_octet_identity_in_control_context;report_origin_not_seen_in_writes;report_ctlnum_regression;report_without_matching_write,interarrival_outlier,85.00,25.00,100.00,likely-attack,0,Unconfirmed <RPT>
packet,284046,2026-02-15T15:59:38.860555,RESPONSE,UNCONFIRMED,10.0.19.49,10.0.19.39,10.0.19.39:56638-10.0.19.49:102,,,,,,64,IEDEXPLORER,0,E03A103_CTRL/Q0CSWI1$ST$Pos;E03A103_CTRL/Q1CILO1$ST$EnaCls,false;true,likely-attack,unexpected_octet_identity_in_control_context;report_origin_not_seen_in_writes;report_ctlnum_regression;report_without_matching_write,,85.00,0.00,85.00,likely-attack,0,Unconfirmed <RPT>
packet,284112,2026-02-15T16:00:06.815549,RESPONSE,UNCONFIRMED,10.0.19.49,10.0.19.39,10.0.19.39:56638-10.0.19.49:102,,,,,,65,IEDEXPLORER,3,E03A103_CTRL/Q1CSWI1$ST$Pos,true,likely-attack,unexpected_octet_identity_in_control_context;report_origin_not_seen_in_writes;report_ctlnum_regression;report_without_matching_write,,85.00,0.00,85.00,likely-attack,0,Unconfirmed <RPT>
packet,284114,2026-02-15T16:00:07.754447,RESPONSE,UNCONFIRMED,10.0.19.49,10.0.19.39,10.0.19.39:56638-10.0.19.49:102,,,,,,67,IEDEXPLORER,1,E03A103_CTRL/Q1CSWI1$ST$Pos,true,likely-attack,unexpected_octet_identity_in_control_context;report_origin_not_seen_in_writes;report_ctlnum_regression;report_without_matching_write,,85.00,0.00,85.00,likely-attack,0,Unconfirmed <RPT>
packet,284116,2026-02-15T16:00:09.360764,RESPONSE,UNCONFIRMED,10.0.19.49,10.0.19.39,10.0.19.39:56638-10.0.19.49:102,,,,,,68,IEDEXPLORER,1,E03A103_CTRL/Q0CILO1$ST$EnaCls;E03A103_CTRL/Q1CSWI1$ST$Pos;E03A103_CTRL/Q2CILO1$ST$EnaCls;E03A103_CTRL/Q8CILO1$ST$EnaCls,true;false;true;true,likely-attack,unexpected_octet_identity_in_control_context;report_origin_not_seen_in_writes;report_ctlnum_regression;report_without_matching_write,payload_size_outlier,85.00,4.67,89.67,likely-attack,0,Unconfirmed <RPT>
packet,284182,2026-02-15T16:00:37.136170,RESPONSE,UNCONFIRMED,10.0.19.49,10.0.19.39,10.0.19.39:56638-10.0.19.49:102,,,,,,69,Process,0,E03A103_CTRL/Q2CSWI1$ST$Pos,true,likely-attack,unexpected_octet_identity_in_control_context;report_origin_not_seen_in_writes;report_without_matching_write,,80.00,0.00,80.00,likely-attack,0,Unconfirmed <RPT>
packet,284184,2026-02-15T16:00:38.074093,RESPONSE,UNCONFIRMED,10.0.19.49,10.0.19.39,10.0.19.39:56638-10.0.19.49:102,,,,,,71,IEDEXPLORER,2,E03A103_CTRL/Q2CSWI1$ST$Pos,true,likely-attack,unexpected_octet_identity_in_control_context;report_origin_not_seen_in_writes;report_ctlnum_regression;report_without_matching_write,,85.00,0.00,85.00,likely-attack,0,Unconfirmed <RPT>
packet,284186,2026-02-15T16:00:39.677639,RESPONSE,UNCONFIRMED,10.0.19.49,10.0.19.39,10.0.19.39:56638-10.0.19.49:102,,,,,,72,IEDEXPLORER,2,E03A103_CTRL/Q0CILO1$ST$EnaCls;E03A103_CTRL/Q2CSWI1$ST$Pos,true;false,likely-attack,unexpected_octet_identity_in_control_context;report_origin_not_seen_in_writes;report_ctlnum_regression;report_without_matching_write,,85.00,0.00,85.00,likely-attack,0,Unconfirmed <RPT>
packet,284220,2026-02-15T16:00:53.466618,RESPONSE,UNCONFIRMED,10.0.19.49,10.0.19.39,10.0.19.39:56638-10.0.19.49:102,,,,,,73,IEDEXPLORER,0,E03A103_CTRL/Q0CSWI1$ST$Pos,true,likely-attack,unexpected_octet_identity_in_control_context;report_origin_not_seen_in_writes;report_ctlnum_regression;report_without_matching_write,,85.00,0.00,85.00,likely-attack,0,Unconfirmed <RPT>
packet,284224,2026-02-15T16:00:53.525176,RESPONSE,UNCONFIRMED,10.0.19.49,10.0.19.39,10.0.19.39:56638-10.0.19.49:102,,,,,,75,IEDEXPLORER,3,E03A103_CTRL/Q0CSWI1$ST$Pos,false,likely-attack,unexpected_octet_identity_in_control_context;report_origin_not_seen_in_writes;report_ctlnum_regression;report_without_matching_write,,85.00,0.00,85.00,likely-attack,0,Unconfirmed <RPT>
packet,350664,2026-02-16T00:09:18.654551,RESPONSE,UNCONFIRMED,10.0.19.47,10.0.19.39,10.0.19.39:56633-10.0.19.47:102,,,,,,160,IEDEXPLORER,5,E01A103_CTRL/Q0CSWI1$ST$Pos,true,likely-attack,unexpected_octet_identity_in_control_context;report_origin_not_seen_in_writes;report_without_matching_write,,80.00,0.00,80.00,likely-attack,0,Unconfirmed <RPT>
packet,350694,2026-02-16T00:09:30.444845,RESPONSE,UNCONFIRMED,10.0.19.47,10.0.19.39,10.0.19.39:56633-10.0.19.47:102,,,,,,163,IEDEXPLORER,4,E01A103_CTRL/Q2CSWI1$ST$Pos,true,likely-attack,unexpected_octet_identity_in_control_context;report_origin_not_seen_in_writes;report_ctlnum_regression;report_without_matching_write,,85.00,0.00,85.00,likely-attack,0,Unconfirmed <RPT>
packet,350911,2026-02-16T00:11:04.489090,RESPONSE,UNCONFIRMED,10.0.19.49,10.0.19.39,10.0.19.39:56638-10.0.19.49:102,,,,,,76,IEDEXPLORER,3,E03A103_CTRL/Q0CSWI1$ST$Pos,true,likely-attack,unexpected_octet_identity_in_control_context;report_origin_not_seen_in_writes;report_ctlnum_regression;report_without_matching_write,interarrival_outlier,85.00,25.00,100.00,likely-attack,0,Unconfirmed <RPT>
packet,350972,2026-02-16T00:11:27.373370,RESPONSE,UNCONFIRMED,10.0.19.49,10.0.19.39,10.0.19.39:56638-10.0.19.49:102,,,,,,79,IEDEXPLORER,2,E03A103_CTRL/Q2CSWI1$ST$Pos,true,likely-attack,unexpected_octet_identity_in_control_context;report_origin_not_seen_in_writes;report_ctlnum_regression;report_without_matching_write,,85.00,0.00,85.00,likely-attack,0,Unconfirmed <RPT>
packet,351303,2026-02-16T00:13:52.991449,RESPONSE,UNCONFIRMED,10.0.19.47,10.0.19.39,10.0.19.39:56633-10.0.19.47:102,,,,,,168,SAT200: 10.0.19.39 Origin:128,180,E01A103_CTRL/Q2CSWI1$ST$Pos,true,failed-control,report_without_matching_write,,45.00,0.00,45.00,failed-control,0,Unconfirmed <RPT>
packet,351475,2026-02-16T00:15:04.595308,RESPONSE,UNCONFIRMED,10.0.19.47,10.0.19.39,10.0.19.39:56633-10.0.19.47:102,,,,,,172,SAT200: 10.0.19.39 Origin:128,179,E01A103_CTRL/Q0CSWI1$ST$Pos,true,failed-control,report_ctlnum_regression;report_without_matching_write,,50.00,0.00,50.00,failed-control,0,Unconfirmed <RPT>
packet,351543,2026-02-16T00:15:33.047121,RESPONSE,UNCONFIRMED,10.0.19.49,10.0.19.39,10.0.19.39:56638-10.0.19.49:102,,,,,,84,SAT200: 10.0.19.39 Origin:128,182,E03A103_CTRL/Q2CSWI1$ST$Pos,true,failed-control,report_without_matching_write,interarrival_outlier,45.00,25.00,70.00,likely-attack,0,Unconfirmed <RPT>
packet,351576,2026-02-16T00:15:44.661431,RESPONSE,UNCONFIRMED,10.0.19.49,10.0.19.39,10.0.19.39:56638-10.0.19.49:102,,,,,,88,SAT200: 10.0.19.39 Origin:128,181,E03A103_CTRL/Q0CSWI1$ST$Pos,true,failed-control,report_ctlnum_regression;report_without_matching_write,,50.00,0.00,50.00,failed-control,0,Unconfirmed <RPT>
packet,359607,2026-02-16T01:19:14.347011,RESPONSE,UNCONFIRMED,10.0.19.47,10.0.19.39,10.0.19.39:56633-10.0.19.47:102,,,,,,175,SAT200: 10.0.19.39 Origin:128,184,E01A103_CTRL/Q0CSWI1$ST$Pos,true,failed-control,report_without_matching_write,,45.00,0.00,45.00,failed-control,0,Unconfirmed <RPT>
packet,359649,2026-02-16T01:19:29.063204,RESPONSE,UNCONFIRMED,10.0.19.47,10.0.19.39,10.0.19.39:56633-10.0.19.47:102,,,,,,177,SAT200: 10.0.19.39 Origin:128,183,E01A103_CTRL/Q2CSWI1$ST$Pos,true,failed-control,report_ctlnum_regression;report_without_matching_write,,50.00,0.00,50.00,failed-control,0,Unconfirmed <RPT>
packet,359705,2026-02-16T01:19:50.396582,RESPONSE,UNCONFIRMED,10.0.19.47,10.0.19.39,10.0.19.39:56633-10.0.19.47:102,,,,,,181,IEDEXPLORER,3,E01A103_CTRL/Q1CSWI1$ST$Pos,true,likely-attack,unexpected_octet_identity_in_control_context;report_origin_not_seen_in_writes;report_ctlnum_regression;report_without_matching_write,,85.00,0.00,85.00,likely-attack,0,Unconfirmed <RPT>
packet,360142,2026-02-16T01:23:03.219219,RESPONSE,UNCONFIRMED,10.0.19.47,10.0.19.39,10.0.19.39:56633-10.0.19.47:102,,,,,,186,SAT200: 10.0.19.39 Origin:128,187,E01A103_CTRL/Q0CSWI1$ST$Pos,true,failed-control,report_ctlnum_regression;report_without_matching_write,,50.00,0.00,50.00,failed-control,0,Unconfirmed <RPT>
packet,360192,2026-02-16T01:23:20.085085,RESPONSE,UNCONFIRMED,10.0.19.49,10.0.19.39,10.0.19.39:56638-10.0.19.49:102,,,,,,91,SAT200: 10.0.19.39 Origin:128,186,E03A103_CTRL/Q0CSWI1$ST$Pos,true,failed-control,report_without_matching_write,interarrival_outlier,45.00,25.00,70.00,likely-attack,0,Unconfirmed <RPT>
packet,360233,2026-02-16T01:23:39.118634,RESPONSE,UNCONFIRMED,10.0.19.49,10.0.19.39,10.0.19.39:56638-10.0.19.49:102,,,,,,93,SAT200: 10.0.19.39 Origin:128,185,E03A103_CTRL/Q2CSWI1$ST$Pos,true,failed-control,report_ctlnum_regression;report_without_matching_write,,50.00,0.00,50.00,failed-control,0,Unconfirmed <RPT>
packet,360272,2026-02-16T01:23:51.864830,RESPONSE,UNCONFIRMED,10.0.19.49,10.0.19.39,10.0.19.39:56638-10.0.19.49:102,,,,,,97,IEDEXPLORER,1,E03A103_CTRL/Q1CSWI1$ST$Pos,true,likely-attack,unexpected_octet_identity_in_control_context;report_origin_not_seen_in_writes;report_ctlnum_regression;report_without_matching_write,,85.00,0.00,85.00,likely-attack,0,Unconfirmed <RPT>
packet,360348,2026-02-16T01:24:08.703819,RESPONSE,UNCONFIRMED,10.0.19.49,10.0.19.39,10.0.19.39:56638-10.0.19.49:102,,,,,,101,SAT200: 10.0.19.39 Origin:128,191,E03A103_CTRL/Q0CSWI1$ST$Pos,true,failed-control,report_ctlnum_regression;report_without_matching_write,,50.00,0.00,50.00,failed-control,0,Unconfirmed <RPT>
packet,371268,2026-02-16T02:44:30.651713,RESPONSE,UNCONFIRMED,10.0.19.49,10.0.19.39,10.0.19.39:56638-10.0.19.49:102,,,,,,104,SAT200: 10.0.19.39 Origin:128,194,E03A103_CTRL/Q0CSWI1$ST$Pos,true,failed-control,report_without_matching_write,interarrival_outlier,45.00,25.00,70.00,likely-attack,0,Unconfirmed <RPT>
packet,371269,2026-02-16T02:44:30.814235,RESPONSE,UNCONFIRMED,10.0.19.49,10.0.19.39,10.0.19.39:56638-10.0.19.49:102,,,,,,105,IEDEXPLORER,0,E03A103_CTRL/Q0CSWI1$ST$Pos;E03A103_CTRL/Q1CILO1$ST$EnaCls,false;true,likely-attack,unexpected_octet_identity_in_control_context;report_origin_not_seen_in_writes;report_ctlnum_regression;report_without_matching_write,,85.00,0.00,85.00,likely-attack,0,Unconfirmed <RPT>
packet,371318,2026-02-16T02:44:52.727954,RESPONSE,UNCONFIRMED,10.0.19.49,10.0.19.39,10.0.19.39:56638-10.0.19.49:102,,,,,,106,SAT200: 10.0.19.39 Origin:128,193,E03A103_CTRL/Q1CSWI1$ST$Pos,true,failed-control,report_ctlnum_regression;report_without_matching_write,,50.00,0.00,50.00,failed-control,0,Unconfirmed <RPT>
packet,371320,2026-02-16T02:44:53.590076,RESPONSE,UNCONFIRMED,10.0.19.49,10.0.19.39,10.0.19.39:56638-10.0.19.49:102,,,,,,108,IEDEXPLORER,1,E03A103_CTRL/Q1CSWI1$ST$Pos,true,likely-attack,unexpected_octet_identity_in_control_context;report_origin_not_seen_in_writes;report_ctlnum_regression;report_without_matching_write,,85.00,0.00,85.00,likely-attack,0,Unconfirmed <RPT>
packet,371323,2026-02-16T02:44:55.195140,RESPONSE,UNCONFIRMED,10.0.19.49,10.0.19.39,10.0.19.39:56638-10.0.19.49:102,,,,,,109,IEDEXPLORER,1,E03A103_CTRL/Q1CSWI1$ST$Pos,false,likely-attack,unexpected_octet_identity_in_control_context;report_origin_not_seen_in_writes;report_ctlnum_regression;report_without_matching_write,,85.00,0.00,85.00,likely-attack,0,Unconfirmed <RPT>
packet,371431,2026-02-16T02:45:40.191225,RESPONSE,UNCONFIRMED,10.0.19.49,10.0.19.39,10.0.19.39:56638-10.0.19.49:102,,,,,,111,SAT200: 10.0.19.39 Origin:128,192,E03A103_CTRL/Q2CSWI1$ST$Pos,true,failed-control,report_ctlnum_regression;report_without_matching_write,,50.00,0.00,50.00,failed-control,0,Unconfirmed <RPT>
packet,371433,2026-02-16T02:45:41.131239,RESPONSE,UNCONFIRMED,10.0.19.49,10.0.19.39,10.0.19.39:56638-10.0.19.49:102,,,,,,113,IEDEXPLORER,2,E03A103_CTRL/Q2CSWI1$ST$Pos,true,likely-attack,unexpected_octet_identity_in_control_context;report_origin_not_seen_in_writes;report_ctlnum_regression;report_without_matching_write,,85.00,0.00,85.00,likely-attack,0,Unconfirmed <RPT>
packet,371436,2026-02-16T02:45:42.733807,RESPONSE,UNCONFIRMED,10.0.19.49,10.0.19.39,10.0.19.39:56638-10.0.19.49:102,,,,,,114,IEDEXPLORER,2,E03A103_CTRL/Q0CILO1$ST$EnaCls;E03A103_CTRL/Q2CSWI1$ST$Pos,true;false,likely-attack,unexpected_octet_identity_in_control_context;report_origin_not_seen_in_writes;report_ctlnum_regression;report_without_matching_write,,85.00,0.00,85.00,likely-attack,0,Unconfirmed <RPT>
packet,371480,2026-02-16T02:46:02.631642,RESPONSE,UNCONFIRMED,10.0.19.49,10.0.19.39,10.0.19.39:56638-10.0.19.49:102,,,,,,115,IEDEXPLORER,0,E03A103_CTRL/Q0CSWI1$ST$Pos,true,likely-attack,unexpected_octet_identity_in_control_context;report_origin_not_seen_in_writes;report_ctlnum_regression;report_without_matching_write,,85.00,0.00,85.00,likely-attack,0,Unconfirmed <RPT>
packet,371482,2026-02-16T02:46:02.853257,RESPONSE,UNCONFIRMED,10.0.19.49,10.0.19.39,10.0.19.39:56638-10.0.19.49:102,,,,,,117,IEDEXPLORER,3,E03A103_CTRL/Q0CSWI1$ST$Pos,false,likely-attack,unexpected_octet_identity_in_control_context;report_origin_not_seen_in_writes;report_ctlnum_regression;report_without_matching_write,,85.00,0.00,85.00,likely-attack,0,Unconfirmed <RPT>
packet,374660,2026-02-16T03:09:15.133345,RESPONSE,UNCONFIRMED,10.0.19.47,10.0.19.39,10.0.19.39:56633-10.0.19.47:102,,,,,,189,SAT200: 10.0.19.39 Origin:128,190,E01A103_CTRL/Q0CSWI1$ST$Pos,true,failed-control,report_without_matching_write,,45.00,0.00,45.00,failed-control,0,Unconfirmed <RPT>
packet,374663,2026-02-16T03:09:15.292625,RESPONSE,UNCONFIRMED,10.0.19.47,10.0.19.39,10.0.19.39:56633-10.0.19.47:102,,,,,,190,IEDEXPLORER,0,E01A103_CTRL/Q0CSWI1$ST$Pos;E01A103_CTRL/Q1CILO1$ST$EnaCls,false;true,likely-attack,unexpected_octet_identity_in_control_context;report_origin_not_seen_in_writes;report_ctlnum_regression;report_without_matching_write,,85.00,0.00,85.00,likely-attack,0,Unconfirmed <RPT>
packet,374756,2026-02-16T03:09:55.389314,RESPONSE,UNCONFIRMED,10.0.19.47,10.0.19.39,10.0.19.39:56633-10.0.19.47:102,,,,,,191,SAT200: 10.0.19.39 Origin:128,189,E01A103_CTRL/Q1CSWI1$ST$Pos,true,failed-control,report_ctlnum_regression;report_without_matching_write,,50.00,0.00,50.00,failed-control,0,Unconfirmed <RPT>
packet,374758,2026-02-16T03:09:56.341152,RESPONSE,UNCONFIRMED,10.0.19.47,10.0.19.39,10.0.19.39:56633-10.0.19.47:102,,,,,,193,IEDEXPLORER,1,E01A103_CTRL/Q1CSWI1$ST$Pos,true,likely-attack,unexpected_octet_identity_in_control_context;report_origin_not_seen_in_writes;report_ctlnum_regression;report_without_matching_write,,85.00,0.00,85.00,likely-attack,0,Unconfirmed <RPT>
packet,374766,2026-02-16T03:09:57.935751,RESPONSE,UNCONFIRMED,10.0.19.47,10.0.19.39,10.0.19.39:56633-10.0.19.47:102,,,,,,194,IEDEXPLORER,1,E01A103_CTRL/Q1CSWI1$ST$Pos,false,likely-attack,unexpected_octet_identity_in_control_context;report_origin_not_seen_in_writes;report_ctlnum_regression;report_without_matching_write,,85.00,0.00,85.00,likely-attack,0,Unconfirmed <RPT>
packet,374840,2026-02-16T03:10:30.210279,RESPONSE,UNCONFIRMED,10.0.19.47,10.0.19.39,10.0.19.39:56633-10.0.19.47:102,,,,,,196,SAT200: 10.0.19.39 Origin:128,188,E01A103_CTRL/Q2CSWI1$ST$Pos,true,failed-control,report_ctlnum_regression;report_without_matching_write,,50.00,0.00,50.00,failed-control,0,Unconfirmed <RPT>
packet,374844,2026-02-16T03:10:31.149168,RESPONSE,UNCONFIRMED,10.0.19.47,10.0.19.39,10.0.19.39:56633-10.0.19.47:102,,,,,,198,IEDEXPLORER,2,E01A103_CTRL/Q2CSWI1$ST$Pos,true,likely-attack,unexpected_octet_identity_in_control_context;report_origin_not_seen_in_writes;report_ctlnum_regression;report_without_matching_write,,85.00,0.00,85.00,likely-attack,0,Unconfirmed <RPT>
packet,374847,2026-02-16T03:10:32.804587,RESPONSE,UNCONFIRMED,10.0.19.47,10.0.19.39,10.0.19.39:56633-10.0.19.47:102,,,,,,199,IEDEXPLORER,2,E01A103_CTRL/Q2CSWI1$ST$Pos,false,likely-attack,unexpected_octet_identity_in_control_context;report_origin_not_seen_in_writes;report_ctlnum_regression;report_without_matching_write,,85.00,0.00,85.00,likely-attack,0,Unconfirmed <RPT>
packet,374887,2026-02-16T03:10:49.409993,RESPONSE,UNCONFIRMED,10.0.19.47,10.0.19.39,10.0.19.39:56633-10.0.19.47:102,,,,,,201,IEDEXPLORER,0,E01A103_CTRL/Q0CSWI1$ST$Pos,true,likely-attack,unexpected_octet_identity_in_control_context;report_origin_not_seen_in_writes;report_ctlnum_regression;report_without_matching_write,,85.00,0.00,85.00,likely-attack,0,Unconfirmed <RPT>
packet,374890,2026-02-16T03:10:49.613909,RESPONSE,UNCONFIRMED,10.0.19.47,10.0.19.39,10.0.19.39:56633-10.0.19.47:102,,,,,,203,IEDEXPLORER,3,E01A103_CTRL/Q0CSWI1$ST$Pos,false,likely-attack,unexpected_octet_identity_in_control_context;report_origin_not_seen_in_writes;report_ctlnum_regression;report_without_matching_write,,85.00,0.00,85.00,likely-attack,0,Unconfirmed <RPT>
packet,392147,2026-02-16T05:30:23.952205,RESPONSE,UNCONFIRMED,10.0.19.47,10.0.19.39,10.0.19.39:56633-10.0.19.47:102,,,,,,204,IEDEXPLORER,3,E01A103_CTRL/Q0CSWI1$ST$Pos,true,likely-attack,unexpected_octet_identity_in_control_context;report_origin_not_seen_in_writes;report_ctlnum_regression;report_without_matching_write,,85.00,0.00,85.00,likely-attack,0,Unconfirmed <RPT>
packet,392195,2026-02-16T05:30:43.892546,RESPONSE,UNCONFIRMED,10.0.19.47,10.0.19.39,10.0.19.39:56633-10.0.19.47:102,,,,,,206,IEDEXPLORER,2,E01A103_CTRL/Q2CSWI1$ST$Pos,true,likely-attack,unexpected_octet_identity_in_control_context;report_origin_not_seen_in_writes;report_ctlnum_regression;report_without_matching_write,,85.00,0.00,85.00,likely-attack,0,Unconfirmed <RPT>
packet,392261,2026-02-16T05:31:10.706353,RESPONSE,UNCONFIRMED,10.0.19.49,10.0.19.39,10.0.19.39:56638-10.0.19.49:102,,,,,,118,IEDEXPLORER,3,E03A103_CTRL/Q0CSWI1$ST$Pos,true,likely-attack,unexpected_octet_identity_in_control_context;report_origin_not_seen_in_writes;report_ctlnum_regression;report_without_matching_write,interarrival_outlier,85.00,25.00,100.00,likely-attack,0,Unconfirmed <RPT>
packet,392320,2026-02-16T05:31:34.684938,RESPONSE,UNCONFIRMED,10.0.19.49,10.0.19.39,10.0.19.39:56638-10.0.19.49:102,,,,,,121,IEDEXPLORER,2,E03A103_CTRL/Q2CSWI1$ST$Pos,true,likely-attack,unexpected_octet_identity_in_control_context;report_origin_not_seen_in_writes;report_ctlnum_regression;report_without_matching_write,,85.00,0.00,85.00,likely-attack,0,Unconfirmed <RPT>
packet,392351,2026-02-16T05:31:49.410995,RESPONSE,UNCONFIRMED,10.0.19.49,10.0.19.39,10.0.19.39:56638-10.0.19.49:102,,,,,,125,IEDEXPLORER,1,E03A103_CTRL/Q1CSWI1$ST$Pos,true,likely-attack,unexpected_octet_identity_in_control_context;report_origin_not_seen_in_writes;report_ctlnum_regression;report_without_matching_write,,85.00,0.00,85.00,likely-attack,0,Unconfirmed <RPT>
packet,392422,2026-02-16T05:32:20.105837,RESPONSE,UNCONFIRMED,10.0.19.47,10.0.19.39,10.0.19.39:56633-10.0.19.47:102,,,,,,211,IEDEXPLORER,1,E01A103_CTRL/Q1CSWI1$ST$Pos,true,likely-attack,unexpected_octet_identity_in_control_context;report_origin_not_seen_in_writes;report_ctlnum_regression;report_without_matching_write,,85.00,0.00,85.00,likely-attack,0,Unconfirmed <RPT>
packet,392489,2026-02-16T05:32:47.376128,RESPONSE,UNCONFIRMED,10.0.19.47,10.0.19.39,10.0.19.39:56633-10.0.19.47:102,,,,,,215,SAT200: 10.0.19.39 Origin:128,195,E01A103_CTRL/Q0CSWI1$ST$Pos,true,failed-control,report_ctlnum_regression;report_without_matching_write,,50.00,0.00,50.00,failed-control,0,Unconfirmed <RPT>
packet,392536,2026-02-16T05:33:05.851701,RESPONSE,UNCONFIRMED,10.0.19.49,10.0.19.39,10.0.19.39:56638-10.0.19.49:102,,,,,,129,SAT200: 10.0.19.39 Origin:128,197,E03A103_CTRL/Q0CSWI1$ST$Pos,true,failed-control,report_ctlnum_regression;report_without_matching_write,,50.00,0.00,50.00,failed-control,0,Unconfirmed <RPT>
synthetic,966,2026-02-14T01:46:24.111502,REQUEST,WRITE,10.0.19.39,10.0.19.49,10.0.19.39:56638-10.0.19.49:102,161896,E03A103_CTRL/Q1CSWI1$CO$Pos,SBOw,118,SAT200: 10.0.19.39 Origin:128,,,,,,failed-control,sbow_without_matching_oper,,45.00,0.00,45.00,failed-control,0,Pending SBOw without matching Oper
synthetic,1558,2026-02-14T01:50:37.943770,REQUEST,WRITE,10.0.19.39,10.0.19.48,10.0.19.39:56634-10.0.19.48:102,128914,E02A103_CTRL/Q1CSWI1$CO$Pos,SBOw,122,SAT200: 10.0.19.39 Origin:128,,,,,,failed-control,sbow_without_matching_oper,,45.00,0.00,45.00,failed-control,0,Pending SBOw without matching Oper
synthetic,65518,2026-02-14T10:27:09.536928,REQUEST,WRITE,10.0.19.39,10.0.19.47,10.0.19.39:56633-10.0.19.47:102,128316,E01A103_CTRL/Q1CSWI1$CO$Pos,SBOw,126,SAT200: 10.0.19.39 Origin:128,,,,,,failed-control,sbow_without_matching_oper,,45.00,0.00,45.00,failed-control,0,Pending SBOw without matching Oper
synthetic,97276,2026-02-14T14:43:29.814329,REQUEST,WRITE,10.0.19.39,10.0.19.49,10.0.19.39:56638-10.0.19.49:102,166553,E03A103_CTRL/Q1CSWI1$CO$Pos,SBOw,137,SAT200: 10.0.19.39 Origin:128,,,,,,failed-control,sbow_without_matching_oper,,45.00,0.00,45.00,failed-control,0,Pending SBOw without matching Oper
synthetic,106363,2026-02-14T15:57:05.883365,REQUEST,WRITE,10.0.19.39,10.0.19.48,10.0.19.39:56634-10.0.19.48:102,130605,E02A103_CTRL/Q1CSWI1$CO$Pos,SBOw,141,SAT200: 10.0.19.39 Origin:128,,,,,,failed-control,sbow_without_matching_oper,,45.00,0.00,45.00,failed-control,0,Pending SBOw without matching Oper
synthetic,175146,2026-02-15T02:03:25.899572,REQUEST,WRITE,10.0.19.39,10.0.19.49,10.0.19.39:56638-10.0.19.49:102,170625,E03A103_CTRL/Q1CSWI1$CO$Pos,SBOw,149,SAT200: 10.0.19.39 Origin:128,,,,,,failed-control,sbow_without_matching_oper,,45.00,0.00,45.00,failed-control,0,Pending SBOw without matching Oper
synthetic,206902,2026-02-15T05:56:40.031500,REQUEST,WRITE,10.0.19.39,10.0.19.49,10.0.19.39:56638-10.0.19.49:102,172030,E03A103_CTRL/Q1CSWI1$CO$Pos,SBOw,159,SAT200: 10.0.19.39 Origin:128,,,,,,failed-control,sbow_without_matching_oper,,45.00,0.00,45.00,failed-control,0,Pending SBOw without matching Oper
synthetic,206946,2026-02-15T05:56:55.632559,REQUEST,WRITE,10.0.19.39,10.0.19.47,10.0.19.39:56633-10.0.19.47:102,135317,E01A103_CTRL/Q1CSWI1$CO$Pos,SBOw,160,SAT200: 10.0.19.39 Origin:128,,,,,,failed-control,sbow_without_matching_oper,,45.00,0.00,45.00,failed-control,0,Pending SBOw without matching Oper
synthetic,207085,2026-02-15T05:57:48.413931,REQUEST,WRITE,10.0.19.39,10.0.19.49,10.0.19.39:56638-10.0.19.49:102,172039,E03A103_CTRL/Q1CSWI1$CO$Pos,SBOw,164,SAT200: 10.0.19.39 Origin:128,,,,,,failed-control,sbow_without_matching_oper,,45.00,0.00,45.00,failed-control,0,Pending SBOw without matching Oper
synthetic,283372,2026-02-15T15:54:45.229300,REQUEST,WRITE,10.0.19.39,10.0.19.48,10.0.19.39:56634-10.0.19.48:102,139207,E02A103_CTRL/Q2CSWI1$CO$Pos,SBOw,178,SAT200: 10.0.19.39 Origin:128,,,,,,failed-control,sbow_without_matching_oper,,45.00,0.00,45.00,failed-control,0,Pending SBOw without matching Oper
